X_coord,Y_coord,Ref_wind,Num_tot_turb,ID,Turb_num
0,0,7.4797616,2,2_turbine_240_degrees_279.0_meters,0
241.6210877,139.5,7.57623148,2,2_turbine_240_degrees_279.0_meters,1
0,0,7.47360182,2,2_turbine_241_degrees_279.0_meters,0
244.0188983,135.261884,7.56752729,2,2_turbine_241_degrees_279.0_meters,1
0,0,7.46784782,2,2_turbine_242_degrees_279.0_meters,0
246.3423784,130.982566,7.55792332,2,2_turbine_242_degrees_279.0_meters,1
0,0,7.49173546,2,2_turbine_243_degrees_279.0_meters,0
248.5908202,126.6633494,7.51761532,2,2_turbine_243_degrees_279.0_meters,1
0,0,7.48339224,2,2_turbine_244_degrees_279.0_meters,0
250.7635389,122.30555,7.50035381,2,2_turbine_244_degrees_279.0_meters,1
0,0,7.44775724,2,2_turbine_245_degrees_279.0_meters,0
252.8598726,117.910495,7.49375725,2,2_turbine_245_degrees_279.0_meters,1
0,0,7.43949652,2,2_turbine_246_degrees_279.0_meters,0
254.8791827,113.4795234,7.45918131,2,2_turbine_246_degrees_279.0_meters,1
0,0,7.4412384,2,2_turbine_247_degrees_279.0_meters,0
256.8208541,109.0139848,7.42024326,2,2_turbine_247_degrees_279.0_meters,1
0,0,7.44484901,2,2_turbine_248_degrees_279.0_meters,0
258.6842954,104.5152396,7.36896563,2,2_turbine_248_degrees_279.0_meters,1
0,0,7.43987465,2,2_turbine_249_degrees_279.0_meters,0
260.468939,99.98465792,7.32154608,2,2_turbine_249_degrees_279.0_meters,1
0,0,7.43814945,2,2_turbine_250_degrees_279.0_meters,0
262.1742412,95.42361999,7.24805546,2,2_turbine_250_degrees_279.0_meters,1
0,0,7.4262557,2,2_turbine_251_degrees_279.0_meters,0
263.7996826,90.83351509,7.1765461,2,2_turbine_251_degrees_279.0_meters,1
0,0,7.42346907,2,2_turbine_252_degrees_279.0_meters,0
265.344768,86.21574143,7.08723116,2,2_turbine_252_degrees_279.0_meters,1
0,0,7.41898584,2,2_turbine_253_degrees_279.0_meters,0
266.8090269,81.57170562,6.97298098,2,2_turbine_253_degrees_279.0_meters,1
0,0,7.40453577,2,2_turbine_254_degrees_279.0_meters,0
268.1920132,76.90282227,6.83376694,2,2_turbine_254_degrees_279.0_meters,1
0,0,7.39596319,2,2_turbine_255_degrees_279.0_meters,0
269.4933055,72.21051358,6.6922574,2,2_turbine_255_degrees_279.0_meters,1
0,0,7.39225912,2,2_turbine_256_degrees_279.0_meters,0
270.7125076,67.49620887,6.5718832,2,2_turbine_256_degrees_279.0_meters,1
0,0,7.38424873,2,2_turbine_257_degrees_279.0_meters,0
271.8492481,62.76134416,6.43158913,2,2_turbine_257_degrees_279.0_meters,1
0,0,7.37088966,2,2_turbine_258_degrees_279.0_meters,0
272.9031806,58.00736174,6.26610184,2,2_turbine_258_degrees_279.0_meters,1
0,0,7.37247229,2,2_turbine_259_degrees_279.0_meters,0
273.8739842,53.23570971,6.10291862,2,2_turbine_259_degrees_279.0_meters,1
0,0,7.37003851,2,2_turbine_260_degrees_279.0_meters,0
274.7613631,48.44784157,5.95289993,2,2_turbine_260_degrees_279.0_meters,1
0,0,7.3668952,2,2_turbine_261_degrees_279.0_meters,0
275.565047,43.64521575,5.78274298,2,2_turbine_261_degrees_279.0_meters,1
0,0,7.35494661,2,2_turbine_262_degrees_279.0_meters,0
276.2847912,38.82929517,5.60295486,2,2_turbine_262_degrees_279.0_meters,1
0,0,7.36029863,2,2_turbine_263_degrees_279.0_meters,0
276.9203763,34.00154681,5.44060326,2,2_turbine_263_degrees_279.0_meters,1
0,0,7.35583973,2,2_turbine_264_degrees_279.0_meters,0
277.4716088,29.16344125,5.29856777,2,2_turbine_264_degrees_279.0_meters,1
0,0,7.3424077,2,2_turbine_265_degrees_279.0_meters,0
277.9383208,24.31645223,5.1493535,2,2_turbine_265_degrees_279.0_meters,1
0,0,7.35067177,2,2_turbine_266_degrees_279.0_meters,0
278.32037,19.46205617,5.04404402,2,2_turbine_266_degrees_279.0_meters,1
0,0,7.36074686,2,2_turbine_267_degrees_279.0_meters,0
278.6176402,14.60173179,4.95401144,2,2_turbine_267_degrees_279.0_meters,1
0,0,7.34705114,2,2_turbine_268_degrees_279.0_meters,0
278.8300407,9.73695958,4.90302849,2,2_turbine_268_degrees_279.0_meters,1
0,0,7.3288846,2,2_turbine_269_degrees_279.0_meters,0
278.9575069,4.869221396,4.86123371,2,2_turbine_269_degrees_279.0_meters,1
0,0,7.3347826,2,2_turbine_270_degrees_279.0_meters,0
279,0,4.85890722,2,2_turbine_270_degrees_279.0_meters,1
0,0,7.3277998,2,2_turbine_271_degrees_279.0_meters,0
278.9575069,-4.869221396,4.87785816,2,2_turbine_271_degrees_279.0_meters,1
0,0,7.34435558,2,2_turbine_272_degrees_279.0_meters,0
278.8300407,-9.73695958,4.93991089,2,2_turbine_272_degrees_279.0_meters,1
0,0,7.35892916,2,2_turbine_273_degrees_279.0_meters,0
278.6176402,-14.60173179,5.00555325,2,2_turbine_273_degrees_279.0_meters,1
0,0,7.3489151,2,2_turbine_274_degrees_279.0_meters,0
278.32037,-19.46205617,5.11036873,2,2_turbine_274_degrees_279.0_meters,1
0,0,7.34092999,2,2_turbine_275_degrees_279.0_meters,0
277.9383208,-24.31645223,5.23679447,2,2_turbine_275_degrees_279.0_meters,1
0,0,7.35419559,2,2_turbine_276_degrees_279.0_meters,0
277.4716088,-29.16344125,5.40532064,2,2_turbine_276_degrees_279.0_meters,1
0,0,7.35912228,2,2_turbine_277_degrees_279.0_meters,0
276.9203763,-34.00154681,5.55358648,2,2_turbine_277_degrees_279.0_meters,1
0,0,7.3536377,2,2_turbine_278_degrees_279.0_meters,0
276.2847912,-38.82929517,5.72273874,2,2_turbine_278_degrees_279.0_meters,1
0,0,7.36508036,2,2_turbine_279_degrees_279.0_meters,0
275.565047,-43.64521575,5.90408993,2,2_turbine_279_degrees_279.0_meters,1
0,0,7.36825848,2,2_turbine_280_degrees_279.0_meters,0
274.7613631,-48.44784157,6.06695271,2,2_turbine_280_degrees_279.0_meters,1
0,0,7.37133121,2,2_turbine_281_degrees_279.0_meters,0
273.8739842,-53.23570971,6.21162605,2,2_turbine_281_degrees_279.0_meters,1
0,0,7.37004662,2,2_turbine_282_degrees_279.0_meters,0
272.9031806,-58.00736174,6.3670702,2,2_turbine_282_degrees_279.0_meters,1
0,0,7.38387299,2,2_turbine_283_degrees_279.0_meters,0
271.8492481,-62.76134416,6.52303553,2,2_turbine_283_degrees_279.0_meters,1
0,0,7.39239407,2,2_turbine_284_degrees_279.0_meters,0
270.7125076,-67.49620887,6.65165663,2,2_turbine_284_degrees_279.0_meters,1
0,0,7.39672184,2,2_turbine_285_degrees_279.0_meters,0
269.4933055,-72.21051358,6.78196383,2,2_turbine_285_degrees_279.0_meters,1
0,0,7.40507507,2,2_turbine_286_degrees_279.0_meters,0
268.1920132,-76.90282227,6.91084433,2,2_turbine_286_degrees_279.0_meters,1
0,0,7.41927767,2,2_turbine_287_degrees_279.0_meters,0
266.8090269,-81.57170562,7.03756952,2,2_turbine_287_degrees_279.0_meters,1
0,0,7.42316437,2,2_turbine_288_degrees_279.0_meters,0
265.344768,-86.21574143,7.14271927,2,2_turbine_288_degrees_279.0_meters,1
0,0,7.42681599,2,2_turbine_289_degrees_279.0_meters,0
263.7996826,-90.83351509,7.22257948,2,2_turbine_289_degrees_279.0_meters,1
0,0,7.43836498,2,2_turbine_290_degrees_279.0_meters,0
262.1742412,-95.42361999,7.2841897,2,2_turbine_290_degrees_279.0_meters,1
0,0,7.4401412,2,2_turbine_291_degrees_279.0_meters,0
260.468939,-99.98465792,7.35028028,2,2_turbine_291_degrees_279.0_meters,1
0,0,7.44527864,2,2_turbine_292_degrees_279.0_meters,0
258.6842954,-104.5152396,7.39223957,2,2_turbine_292_degrees_279.0_meters,1
0,0,7.44139576,2,2_turbine_293_degrees_279.0_meters,0
256.8208541,-109.0139848,7.4383316,2,2_turbine_293_degrees_279.0_meters,1
0,0,7.43931341,2,2_turbine_294_degrees_279.0_meters,0
254.8791827,-113.4795234,7.47310305,2,2_turbine_294_degrees_279.0_meters,1
0,0,7.44768333,2,2_turbine_295_degrees_279.0_meters,0
252.8598726,-117.910495,7.50485325,2,2_turbine_295_degrees_279.0_meters,1
0,0,7.48393726,2,2_turbine_296_degrees_279.0_meters,0
250.7635389,-122.30555,7.50941801,2,2_turbine_296_degrees_279.0_meters,1
0,0,7.4913702,2,2_turbine_297_degrees_279.0_meters,0
248.5908202,-126.6633494,7.5241313,2,2_turbine_297_degrees_279.0_meters,1
0,0,7.4674592,2,2_turbine_298_degrees_279.0_meters,0
246.3423784,-130.982566,7.56316662,2,2_turbine_298_degrees_279.0_meters,1
0,0,7.47330475,2,2_turbine_299_degrees_279.0_meters,0
244.0188983,-135.261884,7.57174969,2,2_turbine_299_degrees_279.0_meters,1
0,0,7.47974348,2,2_turbine_300_degrees_279.0_meters,0
241.6210877,-139.5,7.57912397,2,2_turbine_300_degrees_279.0_meters,1
0,0,7.50172806,2,2_turbine_240_degrees_372.0_meters,0
322.1614502,186,7.5707202,2,2_turbine_240_degrees_372.0_meters,1
0,0,7.4960103,2,2_turbine_241_degrees_372.0_meters,0
325.3585311,180.3491787,7.56806946,2,2_turbine_241_degrees_372.0_meters,1
0,0,7.49304342,2,2_turbine_242_degrees_372.0_meters,0
328.4565045,174.6434214,7.56435013,2,2_turbine_242_degrees_372.0_meters,1
0,0,7.49259138,2,2_turbine_243_degrees_372.0_meters,0
331.454427,168.8844659,7.54964066,2,2_turbine_243_degrees_372.0_meters,1
0,0,7.49497366,2,2_turbine_244_degrees_372.0_meters,0
334.3513852,163.0740666,7.55146646,2,2_turbine_244_degrees_372.0_meters,1
0,0,7.48398638,2,2_turbine_245_degrees_372.0_meters,0
337.1464968,157.2139934,7.55257273,2,2_turbine_245_degrees_372.0_meters,1
0,0,7.46859789,2,2_turbine_246_degrees_372.0_meters,0
339.8389102,151.3060312,7.53242159,2,2_turbine_246_degrees_372.0_meters,1
0,0,7.46926641,2,2_turbine_247_degrees_372.0_meters,0
342.4278055,145.3519798,7.52182484,2,2_turbine_247_degrees_372.0_meters,1
0,0,7.47089338,2,2_turbine_248_degrees_372.0_meters,0
344.9123939,139.3536528,7.51742935,2,2_turbine_248_degrees_372.0_meters,1
0,0,7.45903826,2,2_turbine_249_degrees_372.0_meters,0
347.2919187,133.3128772,7.49762249,2,2_turbine_249_degrees_372.0_meters,1
0,0,7.46089792,2,2_turbine_250_degrees_372.0_meters,0
349.5656549,127.2314933,7.47456598,2,2_turbine_250_degrees_372.0_meters,1
0,0,7.46438122,2,2_turbine_251_degrees_372.0_meters,0
351.7329101,121.1113535,7.45294428,2,2_turbine_251_degrees_372.0_meters,1
0,0,7.45792294,2,2_turbine_252_degrees_372.0_meters,0
353.7930241,114.9543219,7.41070938,2,2_turbine_252_degrees_372.0_meters,1
0,0,7.45086861,2,2_turbine_253_degrees_372.0_meters,0
355.7453692,108.7622742,7.3551383,2,2_turbine_253_degrees_372.0_meters,1
0,0,7.43507671,2,2_turbine_254_degrees_372.0_meters,0
357.5893509,102.5370964,7.27885008,2,2_turbine_254_degrees_372.0_meters,1
0,0,7.4376359,2,2_turbine_255_degrees_372.0_meters,0
359.3244074,96.28068478,7.190588,2,2_turbine_255_degrees_372.0_meters,1
0,0,7.45159626,2,2_turbine_256_degrees_372.0_meters,0
360.9500102,89.99494516,7.06501245,2,2_turbine_256_degrees_372.0_meters,1
0,0,7.40157032,2,2_turbine_257_degrees_372.0_meters,0
362.4656641,83.68179222,6.94959307,2,2_turbine_257_degrees_372.0_meters,1
0,0,7.40327883,2,2_turbine_258_degrees_372.0_meters,0
363.8709075,77.34314898,6.78093386,2,2_turbine_258_degrees_372.0_meters,1
0,0,7.39253664,2,2_turbine_259_degrees_372.0_meters,0
365.1653122,70.98094628,6.62719679,2,2_turbine_259_degrees_372.0_meters,1
0,0,7.39667606,2,2_turbine_260_degrees_372.0_meters,0
366.3484841,64.59712209,6.4727335,2,2_turbine_260_degrees_372.0_meters,1
0,0,7.38378143,2,2_turbine_261_degrees_372.0_meters,0
367.4200627,58.19362099,6.29732752,2,2_turbine_261_degrees_372.0_meters,1
0,0,7.38049603,2,2_turbine_262_degrees_372.0_meters,0
368.3797216,51.77239356,6.11142492,2,2_turbine_262_degrees_372.0_meters,1
0,0,7.38430691,2,2_turbine_263_degrees_372.0_meters,0
369.2271684,45.33539575,5.91495562,2,2_turbine_263_degrees_372.0_meters,1
0,0,7.38654804,2,2_turbine_264_degrees_372.0_meters,0
369.9621451,38.88458834,5.73328495,2,2_turbine_264_degrees_372.0_meters,1
0,0,7.3703866,2,2_turbine_265_degrees_372.0_meters,0
370.5844277,32.4219363,5.54358149,2,2_turbine_265_degrees_372.0_meters,1
0,0,7.37443304,2,2_turbine_266_degrees_372.0_meters,0
371.0938267,25.94940823,5.3738203,2,2_turbine_266_degrees_372.0_meters,1
0,0,7.36521864,2,2_turbine_267_degrees_372.0_meters,0
371.4901869,19.46897572,5.25016356,2,2_turbine_267_degrees_372.0_meters,1
0,0,7.37993765,2,2_turbine_268_degrees_372.0_meters,0
371.7733877,12.98261277,5.15568638,2,2_turbine_268_degrees_372.0_meters,1
0,0,7.36434269,2,2_turbine_269_degrees_372.0_meters,0
371.9433426,6.492295195,5.0888772,2,2_turbine_269_degrees_372.0_meters,1
0,0,7.36998081,2,2_turbine_270_degrees_372.0_meters,0
372,0,5.07858276,2,2_turbine_270_degrees_372.0_meters,1
0,0,7.36329556,2,2_turbine_271_degrees_372.0_meters,0
371.9433426,-6.492295195,5.11230373,2,2_turbine_271_degrees_372.0_meters,1
0,0,7.37802935,2,2_turbine_272_degrees_372.0_meters,0
371.7733877,-12.98261277,5.20459461,2,2_turbine_272_degrees_372.0_meters,1
0,0,7.36445379,2,2_turbine_273_degrees_372.0_meters,0
371.4901869,-19.46897572,5.32811213,2,2_turbine_273_degrees_372.0_meters,1
0,0,7.37409592,2,2_turbine_274_degrees_372.0_meters,0
371.0938267,-25.94940823,5.47299147,2,2_turbine_274_degrees_372.0_meters,1
0,0,7.36991596,2,2_turbine_275_degrees_372.0_meters,0
370.5844277,-32.4219363,5.65676117,2,2_turbine_275_degrees_372.0_meters,1
0,0,7.38587904,2,2_turbine_276_degrees_372.0_meters,0
369.9621451,-38.88458834,5.85257912,2,2_turbine_276_degrees_372.0_meters,1
0,0,7.38359594,2,2_turbine_277_degrees_372.0_meters,0
369.2271684,-45.33539575,6.03363276,2,2_turbine_277_degrees_372.0_meters,1
0,0,7.37984085,2,2_turbine_278_degrees_372.0_meters,0
368.3797216,-51.77239356,6.2237854,2,2_turbine_278_degrees_372.0_meters,1
0,0,7.38312531,2,2_turbine_279_degrees_372.0_meters,0
367.4200627,-58.19362099,6.40136003,2,2_turbine_279_degrees_372.0_meters,1
0,0,7.39642286,2,2_turbine_280_degrees_372.0_meters,0
366.3484841,-64.59712209,6.56498623,2,2_turbine_280_degrees_372.0_meters,1
0,0,7.3926115,2,2_turbine_281_degrees_372.0_meters,0
365.1653122,-70.98094628,6.70894623,2,2_turbine_281_degrees_372.0_meters,1
0,0,7.40381098,2,2_turbine_282_degrees_372.0_meters,0
363.8709075,-77.34314898,6.86603308,2,2_turbine_282_degrees_372.0_meters,1
0,0,7.40190172,2,2_turbine_283_degrees_372.0_meters,0
362.4656641,-83.68179222,7.0191021,2,2_turbine_283_degrees_372.0_meters,1
0,0,7.45233059,2,2_turbine_284_degrees_372.0_meters,0
360.9500102,-89.99494516,7.1219182,2,2_turbine_284_degrees_372.0_meters,1
0,0,7.43746424,2,2_turbine_285_degrees_372.0_meters,0
359.3244074,-96.28068478,7.23535395,2,2_turbine_285_degrees_372.0_meters,1
0,0,7.43497849,2,2_turbine_286_degrees_372.0_meters,0
357.5893509,-102.5370964,7.31272793,2,2_turbine_286_degrees_372.0_meters,1
0,0,7.45088148,2,2_turbine_287_degrees_372.0_meters,0
355.7453692,-108.7622742,7.38153553,2,2_turbine_287_degrees_372.0_meters,1
0,0,7.45803881,2,2_turbine_288_degrees_372.0_meters,0
353.7930241,-114.9543219,7.43135357,2,2_turbine_288_degrees_372.0_meters,1
0,0,7.46352291,2,2_turbine_289_degrees_372.0_meters,0
351.7329101,-121.1113535,7.46770287,2,2_turbine_289_degrees_372.0_meters,1
0,0,7.4604702,2,2_turbine_290_degrees_372.0_meters,0
349.5656549,-127.2314933,7.48571348,2,2_turbine_290_degrees_372.0_meters,1
0,0,7.45873117,2,2_turbine_291_degrees_372.0_meters,0
347.2919187,-133.3128772,7.50581408,2,2_turbine_291_degrees_372.0_meters,1
0,0,7.47042561,2,2_turbine_292_degrees_372.0_meters,0
344.9123939,-139.3536528,7.52361345,2,2_turbine_292_degrees_372.0_meters,1
0,0,7.46862125,2,2_turbine_293_degrees_372.0_meters,0
342.4278055,-145.3519798,7.52674675,2,2_turbine_293_degrees_372.0_meters,1
0,0,7.46796179,2,2_turbine_294_degrees_372.0_meters,0
339.8389102,-151.3060312,7.53581238,2,2_turbine_294_degrees_372.0_meters,1
0,0,7.48313475,2,2_turbine_295_degrees_372.0_meters,0
337.1464968,-157.2139934,7.55529499,2,2_turbine_295_degrees_372.0_meters,1
0,0,7.49386311,2,2_turbine_296_degrees_372.0_meters,0
334.3513852,-163.0740666,7.55289221,2,2_turbine_296_degrees_372.0_meters,1
0,0,7.49355888,2,2_turbine_297_degrees_372.0_meters,0
331.454427,-168.8844659,7.55163527,2,2_turbine_297_degrees_372.0_meters,1
0,0,7.49279356,2,2_turbine_298_degrees_372.0_meters,0
328.4565045,-174.6434214,7.56625128,2,2_turbine_298_degrees_372.0_meters,1
0,0,7.49564075,2,2_turbine_299_degrees_372.0_meters,0
325.3585311,-180.3491787,7.56941128,2,2_turbine_299_degrees_372.0_meters,1
0,0,7.50099802,2,2_turbine_300_degrees_372.0_meters,0
322.1614502,-186,7.57178211,2,2_turbine_300_degrees_372.0_meters,1
0,0,7.52118015,2,2_turbine_240_degrees_465.0_meters,0
402.7018128,232.5,7.56287241,2,2_turbine_240_degrees_465.0_meters,1
0,0,7.50969458,2,2_turbine_241_degrees_465.0_meters,0
406.6981638,225.4364734,7.56061697,2,2_turbine_241_degrees_465.0_meters,1
0,0,7.51781893,2,2_turbine_242_degrees_465.0_meters,0
410.5706307,218.3042767,7.55410624,2,2_turbine_242_degrees_465.0_meters,1
0,0,7.49304247,2,2_turbine_243_degrees_465.0_meters,0
414.3180337,211.1055824,7.57284451,2,2_turbine_243_degrees_465.0_meters,1
0,0,7.49863148,2,2_turbine_244_degrees_465.0_meters,0
417.9392315,203.8425833,7.56386948,2,2_turbine_244_degrees_465.0_meters,1
0,0,7.50720739,2,2_turbine_245_degrees_465.0_meters,0
421.433121,196.5174917,7.53660727,2,2_turbine_245_degrees_465.0_meters,1
0,0,7.48997736,2,2_turbine_246_degrees_465.0_meters,0
424.7986378,189.132539,7.53616619,2,2_turbine_246_degrees_465.0_meters,1
0,0,7.49036741,2,2_turbine_247_degrees_465.0_meters,0
428.0347569,181.6899747,7.52922964,2,2_turbine_247_degrees_465.0_meters,1
0,0,7.48661184,2,2_turbine_248_degrees_465.0_meters,0
431.1404924,174.1920659,7.5277791,2,2_turbine_248_degrees_465.0_meters,1
0,0,7.48426533,2,2_turbine_249_degrees_465.0_meters,0
434.1148983,166.6410965,7.51185465,2,2_turbine_249_degrees_465.0_meters,1
0,0,7.48404837,2,2_turbine_250_degrees_465.0_meters,0
436.9570687,159.0393666,7.50910616,2,2_turbine_250_degrees_465.0_meters,1
0,0,7.47953606,2,2_turbine_251_degrees_465.0_meters,0
439.6661377,151.3891918,7.50284719,2,2_turbine_251_degrees_465.0_meters,1
0,0,7.48489571,2,2_turbine_252_degrees_465.0_meters,0
442.2412801,143.6929024,7.48770285,2,2_turbine_252_degrees_465.0_meters,1
0,0,7.47610044,2,2_turbine_253_degrees_465.0_meters,0
444.6817115,135.9528427,7.46116877,2,2_turbine_253_degrees_465.0_meters,1
0,0,7.44887638,2,2_turbine_254_degrees_465.0_meters,0
446.9866886,128.1713705,7.43963814,2,2_turbine_254_degrees_465.0_meters,1
0,0,7.45597649,2,2_turbine_255_degrees_465.0_meters,0
449.1555092,120.350856,7.38600874,2,2_turbine_255_degrees_465.0_meters,1
0,0,7.44837809,2,2_turbine_256_degrees_465.0_meters,0
451.1875127,112.4936815,7.32946205,2,2_turbine_256_degrees_465.0_meters,1
0,0,7.44512367,2,2_turbine_257_degrees_465.0_meters,0
453.0820801,104.6022403,7.23069859,2,2_turbine_257_degrees_465.0_meters,1
0,0,7.42237854,2,2_turbine_258_degrees_465.0_meters,0
454.8386343,96.67893623,7.13069677,2,2_turbine_258_degrees_465.0_meters,1
0,0,7.41932201,2,2_turbine_259_degrees_465.0_meters,0
456.4566403,88.72618285,6.99712706,2,2_turbine_259_degrees_465.0_meters,1
0,0,7.4141016,2,2_turbine_260_degrees_465.0_meters,0
457.9356052,80.74640262,6.84518623,2,2_turbine_260_degrees_465.0_meters,1
0,0,7.40241003,2,2_turbine_261_degrees_465.0_meters,0
459.2750784,72.74202624,6.65504789,2,2_turbine_261_degrees_465.0_meters,1
0,0,7.39769173,2,2_turbine_262_degrees_465.0_meters,0
460.474652,64.71549195,6.48653412,2,2_turbine_262_degrees_465.0_meters,1
0,0,7.40446377,2,2_turbine_263_degrees_465.0_meters,0
461.5339605,56.66924468,6.29007387,2,2_turbine_263_degrees_465.0_meters,1
0,0,7.39892721,2,2_turbine_264_degrees_465.0_meters,0
462.4526813,48.60573542,6.07887554,2,2_turbine_264_degrees_465.0_meters,1
0,0,7.39593506,2,2_turbine_265_degrees_465.0_meters,0
463.2305346,40.52742038,5.88262033,2,2_turbine_265_degrees_465.0_meters,1
0,0,7.38769865,2,2_turbine_266_degrees_465.0_meters,0
463.8672834,32.43676029,5.69514561,2,2_turbine_266_degrees_465.0_meters,1
0,0,7.38160372,2,2_turbine_267_degrees_465.0_meters,0
464.3627337,24.33621965,5.53682709,2,2_turbine_267_degrees_465.0_meters,1
0,0,7.38449478,2,2_turbine_268_degrees_465.0_meters,0
464.7167346,16.22826597,5.39785814,2,2_turbine_268_degrees_465.0_meters,1
0,0,7.39462757,2,2_turbine_269_degrees_465.0_meters,0
464.9291782,8.115368993,5.3146081,2,2_turbine_269_degrees_465.0_meters,1
0,0,7.39993382,2,2_turbine_270_degrees_465.0_meters,0
465,0,5.29913807,2,2_turbine_270_degrees_465.0_meters,1
0,0,7.3936882,2,2_turbine_271_degrees_465.0_meters,0
464.9291782,-8.115368993,5.35068798,2,2_turbine_271_degrees_465.0_meters,1
0,0,7.38426971,2,2_turbine_272_degrees_465.0_meters,0
464.7167346,-16.22826597,5.46127558,2,2_turbine_272_degrees_465.0_meters,1
0,0,7.38115644,2,2_turbine_273_degrees_465.0_meters,0
464.3627337,-24.33621965,5.62971115,2,2_turbine_273_degrees_465.0_meters,1
0,0,7.38746834,2,2_turbine_274_degrees_465.0_meters,0
463.8672834,-32.43676029,5.80675602,2,2_turbine_274_degrees_465.0_meters,1
0,0,7.39548683,2,2_turbine_275_degrees_465.0_meters,0
463.2305346,-40.52742038,6.00011683,2,2_turbine_275_degrees_465.0_meters,1
0,0,7.39841413,2,2_turbine_276_degrees_465.0_meters,0
462.4526813,-48.60573542,6.1916256,2,2_turbine_276_degrees_465.0_meters,1
0,0,7.40378428,2,2_turbine_277_degrees_465.0_meters,0
461.5339605,-56.66924468,6.39298868,2,2_turbine_277_degrees_465.0_meters,1
0,0,7.39753962,2,2_turbine_278_degrees_465.0_meters,0
460.474652,-64.71549195,6.57709789,2,2_turbine_278_degrees_465.0_meters,1
0,0,7.40261412,2,2_turbine_279_degrees_465.0_meters,0
459.2750784,-72.74202624,6.74213743,2,2_turbine_279_degrees_465.0_meters,1
0,0,7.41478968,2,2_turbine_280_degrees_465.0_meters,0
457.9356052,-80.74640262,6.92601395,2,2_turbine_280_degrees_465.0_meters,1
0,0,7.4194212,2,2_turbine_281_degrees_465.0_meters,0
456.4566403,-88.72618285,7.06059313,2,2_turbine_281_degrees_465.0_meters,1
0,0,7.42289734,2,2_turbine_282_degrees_465.0_meters,0
454.8386343,-96.67893623,7.1804347,2,2_turbine_282_degrees_465.0_meters,1
0,0,7.44557571,2,2_turbine_283_degrees_465.0_meters,0
453.0820801,-104.6022403,7.26930714,2,2_turbine_283_degrees_465.0_meters,1
0,0,7.44803143,2,2_turbine_284_degrees_465.0_meters,0
451.1875127,-112.4936815,7.35846424,2,2_turbine_284_degrees_465.0_meters,1
0,0,7.45624113,2,2_turbine_285_degrees_465.0_meters,0
449.1555092,-120.350856,7.40719414,2,2_turbine_285_degrees_465.0_meters,1
0,0,7.44871664,2,2_turbine_286_degrees_465.0_meters,0
446.9866886,-128.1713705,7.45458984,2,2_turbine_286_degrees_465.0_meters,1
0,0,7.47651815,2,2_turbine_287_degrees_465.0_meters,0
444.6817115,-135.9528427,7.47210121,2,2_turbine_287_degrees_465.0_meters,1
0,0,7.48494577,2,2_turbine_288_degrees_465.0_meters,0
442.2412801,-143.6929024,7.49553871,2,2_turbine_288_degrees_465.0_meters,1
0,0,7.47972727,2,2_turbine_289_degrees_465.0_meters,0
439.6661377,-151.3891918,7.50868988,2,2_turbine_289_degrees_465.0_meters,1
0,0,7.48390532,2,2_turbine_290_degrees_465.0_meters,0
436.9570687,-159.0393666,7.51325083,2,2_turbine_290_degrees_465.0_meters,1
0,0,7.4838624,2,2_turbine_291_degrees_465.0_meters,0
434.1148983,-166.6410965,7.51527119,2,2_turbine_291_degrees_465.0_meters,1
0,0,7.48597097,2,2_turbine_292_degrees_465.0_meters,0
431.1404924,-174.1920659,7.53126192,2,2_turbine_292_degrees_465.0_meters,1
0,0,7.4897933,2,2_turbine_293_degrees_465.0_meters,0
428.0347569,-181.6899747,7.53143454,2,2_turbine_293_degrees_465.0_meters,1
0,0,7.48954058,2,2_turbine_294_degrees_465.0_meters,0
424.7986378,-189.132539,7.53799009,2,2_turbine_294_degrees_465.0_meters,1
0,0,7.50600529,2,2_turbine_295_degrees_465.0_meters,0
421.433121,-196.5174917,7.53815508,2,2_turbine_295_degrees_465.0_meters,1
0,0,7.49700832,2,2_turbine_296_degrees_465.0_meters,0
417.9392315,-203.8425833,7.56587791,2,2_turbine_296_degrees_465.0_meters,1
0,0,7.49127817,2,2_turbine_297_degrees_465.0_meters,0
414.3180337,-211.1055824,7.57453346,2,2_turbine_297_degrees_465.0_meters,1
0,0,7.51653194,2,2_turbine_298_degrees_465.0_meters,0
410.5706307,-218.3042767,7.55532026,2,2_turbine_298_degrees_465.0_meters,1
0,0,7.50884008,2,2_turbine_299_degrees_465.0_meters,0
406.6981638,-225.4364734,7.56179237,2,2_turbine_299_degrees_465.0_meters,1
0,0,7.52085543,2,2_turbine_300_degrees_465.0_meters,0
402.7018128,-232.5,7.56341171,2,2_turbine_300_degrees_465.0_meters,1
0,0,7.52745771,2,2_turbine_240_degrees_558.0_meters,0
483.2421753,279,7.56338596,2,2_turbine_240_degrees_558.0_meters,1
0,0,7.52057076,2,2_turbine_241_degrees_558.0_meters,0
488.0377966,270.5237681,7.5633769,2,2_turbine_241_degrees_558.0_meters,1
0,0,7.52492237,2,2_turbine_242_degrees_558.0_meters,0
492.6847568,261.965132,7.55270672,2,2_turbine_242_degrees_558.0_meters,1
0,0,7.51184797,2,2_turbine_243_degrees_558.0_meters,0
497.1816405,253.3266989,7.56140518,2,2_turbine_243_degrees_558.0_meters,1
0,0,7.50623131,2,2_turbine_244_degrees_558.0_meters,0
501.5270778,244.6110999,7.55692482,2,2_turbine_244_degrees_558.0_meters,1
0,0,7.51009703,2,2_turbine_245_degrees_558.0_meters,0
505.7197452,235.8209901,7.53644514,2,2_turbine_245_degrees_558.0_meters,1
0,0,7.49208546,2,2_turbine_246_degrees_558.0_meters,0
509.7583654,226.9590468,7.53087807,2,2_turbine_246_degrees_558.0_meters,1
0,0,7.49801922,2,2_turbine_247_degrees_558.0_meters,0
513.6417082,218.0279697,7.53140259,2,2_turbine_247_degrees_558.0_meters,1
0,0,7.49398899,2,2_turbine_248_degrees_558.0_meters,0
517.3685908,209.0304791,7.52367783,2,2_turbine_248_degrees_558.0_meters,1
0,0,7.48588657,2,2_turbine_249_degrees_558.0_meters,0
520.937878,199.9693158,7.52668953,2,2_turbine_249_degrees_558.0_meters,1
0,0,7.49330616,2,2_turbine_250_degrees_558.0_meters,0
524.3484824,190.84724,7.51414347,2,2_turbine_250_degrees_558.0_meters,1
0,0,7.48374319,2,2_turbine_251_degrees_558.0_meters,0
527.5993652,181.6670302,7.51482773,2,2_turbine_251_degrees_558.0_meters,1
0,0,7.48099566,2,2_turbine_252_degrees_558.0_meters,0
530.6895361,172.4314829,7.51669979,2,2_turbine_252_degrees_558.0_meters,1
0,0,7.47155571,2,2_turbine_253_degrees_558.0_meters,0
533.6180538,163.1434112,7.49645901,2,2_turbine_253_degrees_558.0_meters,1
0,0,7.47471428,2,2_turbine_254_degrees_558.0_meters,0
536.3840263,153.8056445,7.48333597,2,2_turbine_254_degrees_558.0_meters,1
0,0,7.45748711,2,2_turbine_255_degrees_558.0_meters,0
538.9866111,144.4210272,7.45077801,2,2_turbine_255_degrees_558.0_meters,1
0,0,7.47361946,2,2_turbine_256_degrees_558.0_meters,0
541.4250153,134.9924177,7.40691471,2,2_turbine_256_degrees_558.0_meters,1
0,0,7.44981337,2,2_turbine_257_degrees_558.0_meters,0
543.6984962,125.5226883,7.37789249,2,2_turbine_257_degrees_558.0_meters,1
0,0,7.43058348,2,2_turbine_258_degrees_558.0_meters,0
545.8063612,116.0147235,7.3050642,2,2_turbine_258_degrees_558.0_meters,1
0,0,7.42827034,2,2_turbine_259_degrees_558.0_meters,0
547.7479684,106.4714194,7.21607733,2,2_turbine_259_degrees_558.0_meters,1
0,0,7.41381502,2,2_turbine_260_degrees_558.0_meters,0
549.5227262,96.89568314,7.10026693,2,2_turbine_260_degrees_558.0_meters,1
0,0,7.4249177,2,2_turbine_261_degrees_558.0_meters,0
551.1300941,87.29043149,6.94155121,2,2_turbine_261_degrees_558.0_meters,1
0,0,7.40698433,2,2_turbine_262_degrees_558.0_meters,0
552.5695824,77.65859034,6.76835632,2,2_turbine_262_degrees_558.0_meters,1
0,0,7.41053057,2,2_turbine_263_degrees_558.0_meters,0
553.8407526,68.00309362,6.5753746,2,2_turbine_263_degrees_558.0_meters,1
0,0,7.40051317,2,2_turbine_264_degrees_558.0_meters,0
554.9432176,58.3268825,6.36564302,2,2_turbine_264_degrees_558.0_meters,1
0,0,7.40735626,2,2_turbine_265_degrees_558.0_meters,0
555.8766415,48.63290445,6.16490412,2,2_turbine_265_degrees_558.0_meters,1
0,0,7.39963102,2,2_turbine_266_degrees_558.0_meters,0
556.64074,38.92411235,5.96810913,2,2_turbine_266_degrees_558.0_meters,1
0,0,7.39444542,2,2_turbine_267_degrees_558.0_meters,0
557.2352804,29.20346358,5.78843737,2,2_turbine_267_degrees_558.0_meters,1
0,0,7.39019299,2,2_turbine_268_degrees_558.0_meters,0
557.6600815,19.47391916,5.62696266,2,2_turbine_268_degrees_558.0_meters,1
0,0,7.41341734,2,2_turbine_269_degrees_558.0_meters,0
557.9150139,9.738442792,5.52753782,2,2_turbine_269_degrees_558.0_meters,1
0,0,7.41888952,2,2_turbine_270_degrees_558.0_meters,0
558,0,5.51174641,2,2_turbine_270_degrees_558.0_meters,1
0,0,7.41207314,2,2_turbine_271_degrees_558.0_meters,0
557.9150139,-9.738442792,5.57048941,2,2_turbine_271_degrees_558.0_meters,1
0,0,7.39077377,2,2_turbine_272_degrees_558.0_meters,0
557.6600815,-19.47391916,5.70117331,2,2_turbine_272_degrees_558.0_meters,1
0,0,7.39460564,2,2_turbine_273_degrees_558.0_meters,0
557.2352804,-29.20346358,5.89047432,2,2_turbine_273_degrees_558.0_meters,1
0,0,7.39927435,2,2_turbine_274_degrees_558.0_meters,0
556.64074,-38.92411235,6.07848597,2,2_turbine_274_degrees_558.0_meters,1
0,0,7.40703917,2,2_turbine_275_degrees_558.0_meters,0
555.8766415,-48.63290445,6.27305269,2,2_turbine_275_degrees_558.0_meters,1
0,0,7.40044022,2,2_turbine_276_degrees_558.0_meters,0
554.9432176,-58.3268825,6.46453142,2,2_turbine_276_degrees_558.0_meters,1
0,0,7.41034746,2,2_turbine_277_degrees_558.0_meters,0
553.8407526,-68.00309362,6.65898466,2,2_turbine_277_degrees_558.0_meters,1
0,0,7.40664387,2,2_turbine_278_degrees_558.0_meters,0
552.5695824,-77.65859034,6.856318,2,2_turbine_278_degrees_558.0_meters,1
0,0,7.42511606,2,2_turbine_279_degrees_558.0_meters,0
551.1300941,-87.29043149,7.01281404,2,2_turbine_279_degrees_558.0_meters,1
0,0,7.4143486,2,2_turbine_280_degrees_558.0_meters,0
549.5227262,-96.89568314,7.15428972,2,2_turbine_280_degrees_558.0_meters,1
0,0,7.4289608,2,2_turbine_281_degrees_558.0_meters,0
547.7479684,-106.4714194,7.25670147,2,2_turbine_281_degrees_558.0_meters,1
0,0,7.43091917,2,2_turbine_282_degrees_558.0_meters,0
545.8063612,-116.0147235,7.33451033,2,2_turbine_282_degrees_558.0_meters,1
0,0,7.44979191,2,2_turbine_283_degrees_558.0_meters,0
543.6984962,-125.5226883,7.39969158,2,2_turbine_283_degrees_558.0_meters,1
0,0,7.47348738,2,2_turbine_284_degrees_558.0_meters,0
541.4250153,-134.9924177,7.42275476,2,2_turbine_284_degrees_558.0_meters,1
0,0,7.45735931,2,2_turbine_285_degrees_558.0_meters,0
538.9866111,-144.4210272,7.46161175,2,2_turbine_285_degrees_558.0_meters,1
0,0,7.47506523,2,2_turbine_286_degrees_558.0_meters,0
536.3840263,-153.8056445,7.49170971,2,2_turbine_286_degrees_558.0_meters,1
0,0,7.47166967,2,2_turbine_287_degrees_558.0_meters,0
533.6180538,-163.1434112,7.50204945,2,2_turbine_287_degrees_558.0_meters,1
0,0,7.4805398,2,2_turbine_288_degrees_558.0_meters,0
530.6895361,-172.4314829,7.52112341,2,2_turbine_288_degrees_558.0_meters,1
0,0,7.48350382,2,2_turbine_289_degrees_558.0_meters,0
527.5993652,-181.6670302,7.51905107,2,2_turbine_289_degrees_558.0_meters,1
0,0,7.49313688,2,2_turbine_290_degrees_558.0_meters,0
524.3484824,-190.84724,7.51708794,2,2_turbine_290_degrees_558.0_meters,1
0,0,7.48533154,2,2_turbine_291_degrees_558.0_meters,0
520.937878,-199.9693158,7.5290451,2,2_turbine_291_degrees_558.0_meters,1
0,0,7.49371195,2,2_turbine_292_degrees_558.0_meters,0
517.3685908,-209.0304791,7.5254159,2,2_turbine_292_degrees_558.0_meters,1
0,0,7.49623442,2,2_turbine_293_degrees_558.0_meters,0
513.6417082,-218.0279697,7.53305054,2,2_turbine_293_degrees_558.0_meters,1
0,0,7.4913187,2,2_turbine_294_degrees_558.0_meters,0
509.7583654,-226.9590468,7.53248119,2,2_turbine_294_degrees_558.0_meters,1
0,0,7.50931597,2,2_turbine_295_degrees_558.0_meters,0
505.7197452,-235.8209901,7.53774881,2,2_turbine_295_degrees_558.0_meters,1
0,0,7.50573301,2,2_turbine_296_degrees_558.0_meters,0
501.5270778,-244.6110999,7.55843782,2,2_turbine_296_degrees_558.0_meters,1
0,0,7.51067162,2,2_turbine_297_degrees_558.0_meters,0
497.1816405,-253.3266989,7.5620575,2,2_turbine_297_degrees_558.0_meters,1
0,0,7.52392912,2,2_turbine_298_degrees_558.0_meters,0
492.6847568,-261.965132,7.55353642,2,2_turbine_298_degrees_558.0_meters,1
0,0,7.51949644,2,2_turbine_299_degrees_558.0_meters,0
488.0377966,-270.5237681,7.56399012,2,2_turbine_299_degrees_558.0_meters,1
0,0,7.52702665,2,2_turbine_300_degrees_558.0_meters,0
483.2421753,-279,7.56394434,2,2_turbine_300_degrees_558.0_meters,1
0,0,7.53335524,2,2_turbine_240_degrees_651.0_meters,0
563.7825379,325.5,7.56699276,2,2_turbine_240_degrees_651.0_meters,1
0,0,7.53040695,2,2_turbine_241_degrees_651.0_meters,0
569.3774293,315.6110628,7.55820847,2,2_turbine_241_degrees_651.0_meters,1
0,0,7.52339745,2,2_turbine_242_degrees_651.0_meters,0
574.798883,305.6259874,7.56231928,2,2_turbine_242_degrees_651.0_meters,1
0,0,7.53442717,2,2_turbine_243_degrees_651.0_meters,0
580.0452472,295.5478153,7.53554916,2,2_turbine_243_degrees_651.0_meters,1
0,0,7.52401972,2,2_turbine_244_degrees_651.0_meters,0
585.1149241,285.3796166,7.52352285,2,2_turbine_244_degrees_651.0_meters,1
0,0,7.50825214,2,2_turbine_245_degrees_651.0_meters,0
590.0063694,275.1244884,7.54320192,2,2_turbine_245_degrees_651.0_meters,1
0,0,7.51200438,2,2_turbine_246_degrees_651.0_meters,0
594.7180929,264.7855546,7.53622341,2,2_turbine_246_degrees_651.0_meters,1
0,0,7.50206661,2,2_turbine_247_degrees_651.0_meters,0
599.2486596,254.3659646,7.52620888,2,2_turbine_247_degrees_651.0_meters,1
0,0,7.4896121,2,2_turbine_248_degrees_651.0_meters,0
603.5966893,243.8688923,7.5243516,2,2_turbine_248_degrees_651.0_meters,1
0,0,7.49198532,2,2_turbine_249_degrees_651.0_meters,0
607.7608576,233.2975352,7.52111149,2,2_turbine_249_degrees_651.0_meters,1
0,0,7.48829794,2,2_turbine_250_degrees_651.0_meters,0
611.7398961,222.6551133,7.52095842,2,2_turbine_250_degrees_651.0_meters,1
0,0,7.48853016,2,2_turbine_251_degrees_651.0_meters,0
615.5325927,211.9448686,7.51190948,2,2_turbine_251_degrees_651.0_meters,1
0,0,7.48225069,2,2_turbine_252_degrees_651.0_meters,0
619.1377921,201.1700633,7.5052762,2,2_turbine_252_degrees_651.0_meters,1
0,0,7.48058748,2,2_turbine_253_degrees_651.0_meters,0
622.5543961,190.3339798,7.50028753,2,2_turbine_253_degrees_651.0_meters,1
0,0,7.48916578,2,2_turbine_254_degrees_651.0_meters,0
625.7813641,179.4399186,7.48319817,2,2_turbine_254_degrees_651.0_meters,1
0,0,7.46588421,2,2_turbine_255_degrees_651.0_meters,0
628.8177129,168.4911984,7.47637367,2,2_turbine_255_degrees_651.0_meters,1
0,0,7.45188046,2,2_turbine_256_degrees_651.0_meters,0
631.6625178,157.491154,7.45808744,2,2_turbine_256_degrees_651.0_meters,1
0,0,7.45852041,2,2_turbine_257_degrees_651.0_meters,0
634.3149122,146.4431364,7.42397785,2,2_turbine_257_degrees_651.0_meters,1
0,0,7.45891094,2,2_turbine_258_degrees_651.0_meters,0
636.7740881,135.3505107,7.39162588,2,2_turbine_258_degrees_651.0_meters,1
0,0,7.44275904,2,2_turbine_259_degrees_651.0_meters,0
639.0392964,124.216656,7.3475771,2,2_turbine_259_degrees_651.0_meters,1
0,0,7.42903328,2,2_turbine_260_degrees_651.0_meters,0
641.1098472,113.0449637,7.25284958,2,2_turbine_260_degrees_651.0_meters,1
0,0,7.43032646,2,2_turbine_261_degrees_651.0_meters,0
642.9851097,101.8388367,7.13179493,2,2_turbine_261_degrees_651.0_meters,1
0,0,7.42567301,2,2_turbine_262_degrees_651.0_meters,0
644.6645128,90.60168873,6.98529959,2,2_turbine_262_degrees_651.0_meters,1
0,0,7.41958904,2,2_turbine_263_degrees_651.0_meters,0
646.1475447,79.33694256,6.79681301,2,2_turbine_263_degrees_651.0_meters,1
0,0,7.41567993,2,2_turbine_264_degrees_651.0_meters,0
647.4337539,68.04802959,6.58215714,2,2_turbine_264_degrees_651.0_meters,1
0,0,7.41150761,2,2_turbine_265_degrees_651.0_meters,0
648.5227485,56.73838853,6.38757515,2,2_turbine_265_degrees_651.0_meters,1
0,0,7.40027857,2,2_turbine_266_degrees_651.0_meters,0
649.4141967,45.41146441,6.18874693,2,2_turbine_266_degrees_651.0_meters,1
0,0,7.39487696,2,2_turbine_267_degrees_651.0_meters,0
650.1078271,34.07070751,5.98113489,2,2_turbine_267_degrees_651.0_meters,1
0,0,7.39368153,2,2_turbine_268_degrees_651.0_meters,0
650.6034284,22.71957235,5.82233715,2,2_turbine_268_degrees_651.0_meters,1
0,0,7.41567421,2,2_turbine_269_degrees_651.0_meters,0
650.9008495,11.36151659,5.71403313,2,2_turbine_269_degrees_651.0_meters,1
0,0,7.43962002,2,2_turbine_270_degrees_651.0_meters,0
651,0,5.68417549,2,2_turbine_270_degrees_651.0_meters,1
0,0,7.41619444,2,2_turbine_271_degrees_651.0_meters,0
650.9008495,-11.36151659,5.75853014,2,2_turbine_271_degrees_651.0_meters,1
0,0,7.39504862,2,2_turbine_272_degrees_651.0_meters,0
650.6034284,-22.71957235,5.90608025,2,2_turbine_272_degrees_651.0_meters,1
0,0,7.39553452,2,2_turbine_273_degrees_651.0_meters,0
650.1078271,-34.07070751,6.0836277,2,2_turbine_273_degrees_651.0_meters,1
0,0,7.40000725,2,2_turbine_274_degrees_651.0_meters,0
649.4141967,-45.41146441,6.29553938,2,2_turbine_274_degrees_651.0_meters,1
0,0,7.41203976,2,2_turbine_275_degrees_651.0_meters,0
648.5227485,-56.73838853,6.48553944,2,2_turbine_275_degrees_651.0_meters,1
0,0,7.41627264,2,2_turbine_276_degrees_651.0_meters,0
647.4337539,-68.04802959,6.66519308,2,2_turbine_276_degrees_651.0_meters,1
0,0,7.41993284,2,2_turbine_277_degrees_651.0_meters,0
646.1475447,-79.33694256,6.88324547,2,2_turbine_277_degrees_651.0_meters,1
0,0,7.42563534,2,2_turbine_278_degrees_651.0_meters,0
644.6645128,-90.60168873,7.05128384,2,2_turbine_278_degrees_651.0_meters,1
0,0,7.4302516,2,2_turbine_279_degrees_651.0_meters,0
642.9851097,-101.8388367,7.18087721,2,2_turbine_279_degrees_651.0_meters,1
0,0,7.42940331,2,2_turbine_280_degrees_651.0_meters,0
641.1098472,-113.0449637,7.28930187,2,2_turbine_280_degrees_651.0_meters,1
0,0,7.44326925,2,2_turbine_281_degrees_651.0_meters,0
639.0392964,-124.216656,7.37348557,2,2_turbine_281_degrees_651.0_meters,1
0,0,7.45970774,2,2_turbine_282_degrees_651.0_meters,0
636.7740881,-135.3505107,7.41030312,2,2_turbine_282_degrees_651.0_meters,1
0,0,7.45874357,2,2_turbine_283_degrees_651.0_meters,0
634.3149122,-146.4431364,7.43729877,2,2_turbine_283_degrees_651.0_meters,1
0,0,7.45210075,2,2_turbine_284_degrees_651.0_meters,0
631.6625178,-157.491154,7.46751547,2,2_turbine_284_degrees_651.0_meters,1
0,0,7.46581125,2,2_turbine_285_degrees_651.0_meters,0
628.8177129,-168.4911984,7.48323536,2,2_turbine_285_degrees_651.0_meters,1
0,0,7.48909712,2,2_turbine_286_degrees_651.0_meters,0
625.7813641,-179.4399186,7.48850918,2,2_turbine_286_degrees_651.0_meters,1
0,0,7.48076296,2,2_turbine_287_degrees_651.0_meters,0
622.5543961,-190.3339798,7.50371838,2,2_turbine_287_degrees_651.0_meters,1
0,0,7.48313236,2,2_turbine_288_degrees_651.0_meters,0
619.1377921,-201.1700633,7.50845861,2,2_turbine_288_degrees_651.0_meters,1
0,0,7.48821115,2,2_turbine_289_degrees_651.0_meters,0
615.5325927,-211.9448686,7.5137043,2,2_turbine_289_degrees_651.0_meters,1
0,0,7.48829365,2,2_turbine_290_degrees_651.0_meters,0
611.7398961,-222.6551133,7.52254248,2,2_turbine_290_degrees_651.0_meters,1
0,0,7.49097443,2,2_turbine_291_degrees_651.0_meters,0
607.7608576,-233.2975352,7.52275467,2,2_turbine_291_degrees_651.0_meters,1
0,0,7.48897552,2,2_turbine_292_degrees_651.0_meters,0
603.5966893,-243.8688923,7.52577639,2,2_turbine_292_degrees_651.0_meters,1
0,0,7.50149298,2,2_turbine_293_degrees_651.0_meters,0
599.2486596,-254.3659646,7.52720642,2,2_turbine_293_degrees_651.0_meters,1
0,0,7.51140738,2,2_turbine_294_degrees_651.0_meters,0
594.7180929,-264.7855546,7.53708506,2,2_turbine_294_degrees_651.0_meters,1
0,0,7.50812578,2,2_turbine_295_degrees_651.0_meters,0
590.0063694,-275.1244884,7.54367208,2,2_turbine_295_degrees_651.0_meters,1
0,0,7.5243206,2,2_turbine_296_degrees_651.0_meters,0
585.1149241,-285.3796166,7.52398825,2,2_turbine_296_degrees_651.0_meters,1
0,0,7.53377819,2,2_turbine_297_degrees_651.0_meters,0
580.0452472,-295.5478153,7.53536129,2,2_turbine_297_degrees_651.0_meters,1
0,0,7.5230422,2,2_turbine_298_degrees_651.0_meters,0
574.798883,-305.6259874,7.56212997,2,2_turbine_298_degrees_651.0_meters,1
0,0,7.5300293,2,2_turbine_299_degrees_651.0_meters,0
569.3774293,-315.6110628,7.55811882,2,2_turbine_299_degrees_651.0_meters,1
0,0,7.53317928,2,2_turbine_300_degrees_651.0_meters,0
563.7825379,-325.5,7.56672239,2,2_turbine_300_degrees_651.0_meters,1
0,0,7.4523468,2,2_turbine_270_degrees_800_meters,0
800,0,6.03850603,2,2_turbine_270_degrees_800_meters,1
0,0,7.43553495,2,2_turbine_272_degrees_800_meters,0
799.5126616,-27.91959736,6.25895786,2,2_turbine_272_degrees_800_meters,1
0,0,7.41623306,2,2_turbine_275_degrees_800_meters,0
796.9557585,-69.7245942,6.80340624,2,2_turbine_275_degrees_800_meters,1
0,0,7.44550419,2,2_turbine_280_degrees_800_meters,0
787.8462024,-138.9185421,7.41978168,2,2_turbine_280_degrees_800_meters,1
0,0,7.70023012,2,2_turbine_286_degrees_800_meters,0
769.0093568,-220.5098847,7.72957134,2,2_turbine_286_degrees_800_meters,1
0,0,7.45723677,2,2_turbine_270_degrees_1000_meters,0
1000,0,6.21452332,2,2_turbine_270_degrees_1000_meters,1
0,0,7.40439081,2,2_turbine_273_degrees_1000_meters,0
998.6295348,-52.33595624,6.63458586,2,2_turbine_273_degrees_1000_meters,1
0,0,7.40199327,2,2_turbine_276_degrees_1000_meters,0
994.5218954,-104.5284633,7.18579817,2,2_turbine_276_degrees_1000_meters,1
0,0,7.40470076,2,2_turbine_278_degrees_1000_meters,0
990.2680687,-139.173101,7.36216021,2,2_turbine_278_degrees_1000_meters,1
0,0,7.41351128,2,2_turbine_279_degrees_1000_meters,0
987.6883406,-156.434465,7.40769482,2,2_turbine_279_degrees_1000_meters,1
0,0,7.47331285,2,2_turbine_283_degrees_1000_meters,0
974.3700648,-224.9510543,7.52480078,2,2_turbine_283_degrees_1000_meters,1
0,0,7.68613148,2,2_turbine_288_degrees_1000_meters,0
951.0565163,-309.0169944,7.74985552,2,2_turbine_288_degrees_1000_meters,1
0,0,7.46019936,2,2_turbine_270_degrees_1250_meters,0
1250,0,6.39994764,2,2_turbine_270_degrees_1250_meters,1
0,0,7.39923334,2,2_turbine_272_degrees_1250_meters,0
1249.238534,-43.62437088,6.64550638,2,2_turbine_272_degrees_1250_meters,1
0,0,7.38361597,2,2_turbine_274_degrees_1250_meters,0
1246.955063,-87.19559218,7.05550957,2,2_turbine_274_degrees_1250_meters,1
0,0,7.39115858,2,2_turbine_277_degrees_1250_meters,0
1240.68269,-152.3366793,7.37663317,2,2_turbine_277_degrees_1250_meters,1
0,0,7.40591097,2,2_turbine_280_degrees_1250_meters,0
1231.009691,-217.0602221,7.45374918,2,2_turbine_280_degrees_1250_meters,1
0,0,7.42745066,2,2_turbine_281_degrees_1250_meters,0
1227.033979,-238.5112442,7.47448874,2,2_turbine_281_degrees_1250_meters,1
0,0,7.48167515,2,2_turbine_270_degrees_1500_meters,0
1500,0,6.53849316,2,2_turbine_270_degrees_1500_meters,1
0,0,7.40901566,2,2_turbine_271_degrees_1500_meters,0
1499.771543,-26.17860966,6.69162607,2,2_turbine_271_degrees_1500_meters,1
0,0,7.4146719,2,2_turbine_272_degrees_1500_meters,0
1499.086241,-52.34924505,6.82947588,2,2_turbine_272_degrees_1500_meters,1
0,0,7.38846731,2,2_turbine_273_degrees_1500_meters,0
1497.944302,-78.50393436,7.08779907,2,2_turbine_273_degrees_1500_meters,1
0,0,7.39882183,2,2_turbine_274_degrees_1500_meters,0
1496.346075,-104.6347106,7.21206665,2,2_turbine_274_degrees_1500_meters,1
0,0,7.41290426,2,2_turbine_278_degrees_1500_meters,0
1485.402103,-208.7596514,7.45958614,2,2_turbine_278_degrees_1500_meters,1
0,0,7.53222513,2,2_turbine_270_degrees_1750_meters,0
1750,0,6.68958282,2,2_turbine_270_degrees_1750_meters,1
0,0,7.33855963,2,2_turbine_274_degrees_1750_meters,0
1745.737088,-122.0738291,7.11985397,2,2_turbine_274_degrees_1750_meters,1
0,0,7.34756279,2,2_turbine_275_degrees_1750_meters,0
1743.340722,-152.5225498,7.24351978,2,2_turbine_275_degrees_1750_meters,1
0,0,7.36089659,2,2_turbine_276_degrees_1750_meters,0
1740.413317,-182.9248107,7.31758261,2,2_turbine_276_degrees_1750_meters,1
0,0,7.44279051,2,2_turbine_279_degrees_1750_meters,0
1728.454596,-273.7603138,7.42407846,2,2_turbine_279_degrees_1750_meters,1
0,0,7.4527688,2,2_turbine_270_degrees_2000_meters,0
2000,0,6.79319382,2,2_turbine_270_degrees_2000_meters,1
0,0,7.39982271,2,2_turbine_278_degrees_2000_meters,0
1980.536137,-278.3462019,7.43748713,2,2_turbine_278_degrees_2000_meters,1
0,0,7.4132781,2,2_turbine_270_degrees_2250_meters,0
2250,0,6.87741995,2,2_turbine_270_degrees_2250_meters,1
0,0,7.31802702,2,2_turbine_271_degrees_2250_meters,0
2249.657314,-39.26791448,6.95839691,2,2_turbine_271_degrees_2250_meters,1
0,0,7.27723598,2,2_turbine_274_degrees_2250_meters,0
2244.519113,-156.9520659,7.32785082,2,2_turbine_274_degrees_2250_meters,1
0,0,7.43873167,2,2_turbine_270_degrees_2500_meters,0
2500,0,7.01481533,2,2_turbine_270_degrees_2500_meters,1
0,0,7.37323952,2,2_turbine_272_degrees_2500_meters,0
2498.477068,-87.24874176,7.08049536,2,2_turbine_272_degrees_2500_meters,1
0,0,7.469522,2,2_turbine_270_degrees_2750_meters,0
2750,0,7.05552101,2,2_turbine_270_degrees_2750_meters,1
0,0,7.41372108,2,2_turbine_275_degrees_2750_meters,0
2739.53542,-239.6782926,7.42320585,2,2_turbine_275_degrees_2750_meters,1
0,0,7.44961691,2,2_turbine_270_degrees_3000_meters,0
3000,0,7.11744308,2,2_turbine_270_degrees_3000_meters,1
0,0,7.43418789,2,2_turbine_272_degrees_3000_meters,0
2998.172481,-104.6984901,7.18032932,2,2_turbine_272_degrees_3000_meters,1
0,0,7.39433336,2,2_turbine_270_degrees_3200_meters,0
3200,0,7.12974787,2,2_turbine_270_degrees_3200_meters,1
0,0,7.47429705,2,2_turbine_273_degrees_3200_meters,0
3195.614511,-167.47506,7.38448048,2,2_turbine_273_degrees_3200_meters,1
0,0,7.46419287,2,2_turbine_275_degrees_3200_meters,0
3187.823034,-278.8983768,7.51326609,2,2_turbine_275_degrees_3200_meters,1
0,0,7.40092897,2,2_turbine_270_degrees_3500_meters,0
3500,0,7.22237682,2,2_turbine_270_degrees_3500_meters,1
0,0,7.50444698,2,2_turbine_271_degrees_3500_meters,0
3499.466933,-61.08342253,7.24513388,2,2_turbine_271_degrees_3500_meters,1
0,0,7.48327446,2,2_turbine_273_degrees_3500_meters,0
3495.203372,-183.1758469,7.38461351,2,2_turbine_273_degrees_3500_meters,1
0,0,7.43314028,2,2_turbine_270_degrees_4000_meters,0
4000,0,7.18332148,2,2_turbine_270_degrees_4000_meters,1
